Workbook

Sheet ①オッズ入力
A1: 馬番 | B1: 複勝オッズ | C1: オッズの逆数 | D1: 3着以内確率 q_i（正規化）
A2: 1 | B2: 1.2 | C2: =IF(ISNUMBER(B2), 1/B2, "") -> 0.83333333 | D2: =IF(C2<>"", C2/SUM($C$2:$C$19), "") -> 0.29775022
A3: 2 | B3: 1.8 | C3: =IF(ISNUMBER(B3), 1/B3, "") -> 0.55555556 | D3: =IF(C3<>"", C3/SUM($C$2:$C$19), "") -> 0.19850015
A4: 3 | B4: 2.1 | C4: =IF(ISNUMBER(B4), 1/B4, "") -> 0.47619048 | D4: =IF(C4<>"", C4/SUM($C$2:$C$19), "") -> 0.17014298
A5: 4 | B5: 5 | C5: =IF(ISNUMBER(B5), 1/B5, "") -> 0.2 | D5: =IF(C5<>"", C5/SUM($C$2:$C$19), "") -> 0.071460053
A6: 5 | B6: 8 | C6: =IF(ISNUMBER(B6), 1/B6, "") -> 0.125 | D6: =IF(C6<>"", C6/SUM($C$2:$C$19), "") -> 0.044662533
A7: 6 | B7: 11 | C7: =IF(ISNUMBER(B7), 1/B7, "") -> 0.090909091 | D7: =IF(C7<>"", C7/SUM($C$2:$C$19), "") -> 0.032481842
A8: 7 | B8: 12 | C8: =IF(ISNUMBER(B8), 1/B8, "") -> 0.083333333 | D8: =IF(C8<>"", C8/SUM($C$2:$C$19), "") -> 0.029775022
A9: 8 | B9: 15 | C9: =IF(ISNUMBER(B9), 1/B9, "") -> 0.066666667 | D9: =IF(C9<>"", C9/SUM($C$2:$C$19), "") -> 0.023820018
A10: 9 | B10: 18 | C10: =IF(ISNUMBER(B10), 1/B10, "") -> 0.055555556 | D10: =IF(C10<>"", C10/SUM($C$2:$C$19), "") -> 0.019850015
A11: 10 | B11: 20 | C11: =IF(ISNUMBER(B11), 1/B11, "") -> 0.05 | D11: =IF(C11<>"", C11/SUM($C$2:$C$19), "") -> 0.017865013
A12: 11 | B12: 22 | C12: =IF(ISNUMBER(B12), 1/B12, "") -> 0.045454545 | D12: =IF(C12<>"", C12/SUM($C$2:$C$19), "") -> 0.016240921
A13: 12 | B13: 24 | C13: =IF(ISNUMBER(B13), 1/B13, "") -> 0.041666667 | D13: =IF(C13<>"", C13/SUM($C$2:$C$19), "") -> 0.014887511
... A19: 18 | B19: 41.8 | C19: =IF(ISNUMBER(B19), 1/B19, "") -> 0.023923445 | D19: =IF(C19<>"", C19/SUM($C$2:$C$19), "") -> 0.0085478532

Sheet ②三連複計算
A1: 馬A | B1: 馬B | C1: 馬C
A2: 1 | B2: 2 | C2: 3 | D2: =IFERROR(IF(_xlfn.XLOOKUP(A2, ①オッズ入力!$A$2:$A$19, ①オッズ入力!$D$2:$D$19, "")="", 0, _xlfn.XLOOKUP(A2, ①オッズ入力!$A$2:$A$19, ①オッズ入力!$D$2:$D$19, 0)), 0) -> 0.29775022 | E2: =IFERROR(IF(_xlfn.XLOOKUP(B2, ①オッズ入力!$A$2:$A$19, ①オッズ入力!$D$2:$D$19, "")="", 0, _xlfn.XLOOKUP(B2, ①オッズ入力!$A$2:$A$19, ①オッズ入力!$D$2:$D$19, 0)), 0) -> 0.19850015 | F2: =IFERROR(IF(_xlfn.XLOOKUP(C2, ①オッズ入力!$A$2:$A$19, ①オッズ入力!$D$2:$D$19, "")="", 0, _xlfn.XLOOKUP(C2, ①オッズ入力!$A$2:$A$19, ①オッズ入力!$D$2:$D$19, 0)), 0) -> 0.17014298 | G2: =IF(OR(D2=0, E2=0, F2=0), "", 1/(D2*E2*F2)) -> 99.442729 | H2: =IF(G2="", 0, IF(OR(A2=③資金配分!$D$1, A2=③資金配分!$D$2, B2=③資金配分!$D$1, B2=③資金配分!$D$2, C2=③資金配分!$D$1, C2=③資金配分!$D$2), 0, IF(OR(A2=③資金配分!$D$4, A2=③資金配分!$D$5, A2=③資金配分!$D$6, B2=③資金配分!$D$4, B2=③資金配分!$D$5, B2=③資金配分!$D$6, C2=③資金配分!$D$4, C2=③資金配分!$D$5, C2=③資金配分!$D$6), 0, IF(AND(③資金配分!$B$8>0, G2<=③資金配分!$B$8), 1, 0)))) -> 0 | I2: =IF(H2=1, 1/G2, 0) -> 0 | J2: =IF(I2>0, ROUND((I2 / SUM($I$2:$I$817)) * ③資金配分!$B$7, -2), 0) -> 0 | K2: 200 | L2: =_xlfn.MAXIFS(G2:G817, G2:G817, "<="&K2) -> 99.442729
A3: 1 | B3: 2 | C3: 4 | D3: =IFERROR(IF(_xlfn.XLOOKUP(A3, ①オッズ入力!$A$2:$A$19, ①オッズ入力!$D$2:$D$19, "")="", 0, _xlfn.XLOOKUP(A3, ①オッズ入力!$A$2:$A$19, ①オッズ入力!$D$2:$D$19, 0)), 0) -> 0.29775022 | E3: =IFERROR(IF(_xlfn.XLOOKUP(B3, ①オッズ入力!$A$2:$A$19, ①オッズ入力!$D$2:$D$19, "")="", 0, _xlfn.XLOOKUP(B3, ①オッズ入力!$A$2:$A$19, ①オッズ入力!$D$2:$D$19, 0)), 0) -> 0.19850015 | F3: =IFERROR(IF(_xlfn.XLOOKUP(C3, ①オッズ入力!$A$2:$A$19, ①オッズ入力!$D$2:$D$19, "")="", 0, _xlfn.XLOOKUP(C3, ①オッズ入力!$A$2:$A$19, ①オッズ入力!$D$2:$D$19, 0)), 0) -> 0.071460053 | G3: =IF(OR(D3=0, E3=0, F3=0), "", 1/(D3*E3*F3)) -> 236.7684 | H3: =IF(G3="", 0, IF(OR(A3=③資金配分!$D$1, A3=③資金配分!$D$2, B3=③資金配分!$D$1, B3=③資金配分!$D$2, C3=③資金配分!$D$1, C3=③資金配分!$D$2), 0, IF(OR(A3=③資金配分!$D$4, A3=③資金配分!$D$5, A3=③資金配分!$D$6, B3=③資金配分!$D$4, B3=③資金配分!$D$5, B3=③資金配分!$D$6, C3=③資金配分!$D$4, C3=③資金配分!$D$5, C3=③資金配分!$D$6), 0, IF(AND(③資金配分!$B$8>0, G3<=③資金配分!$B$8), 1, 0)))) -> 0 | I3: =IF(H3=1, 1/G3, 0) -> 0 | J3: =IF(I3>0, ROUND((I3 / SUM($I$2:$I$817)) * ③資金配分!$B$7, -2), 0) -> 0
A4: 1 | B4: 2 | C4: 5 | D4: =IFERROR(IF(_xlfn.XLOOKUP(A4, ①オッズ入力!$A$2:$A$19, ①オッズ入力!$D$2:$D$19, "")="", 0, _xlfn.XLOOKUP(A4, ①オッズ入力!$A$2:$A$19, ①オッズ入力!$D$2:$D$19, 0)), 0) -> 0.29775022 | E4: =IFERROR(IF(_xlfn.XLOOKUP(B4, ①オッズ入力!$A$2:$A$19, ①オッズ入力!$D$2:$D$19, "")="", 0, _xlfn.XLOOKUP(B4, ①オッズ入力!$A$2:$A$19, ①オッズ入力!$D$2:$D$19, 0)), 0) -> 0.19850015 | F4: =IFERROR(IF(_xlfn.XLOOKUP(C4, ①オッズ入力!$A$2:$A$19, ①オッズ入力!$D$2:$D$19, "")="", 0, _xlfn.XLOOKUP(C4, ①オッズ入力!$A$2:$A$19, ①オッズ入力!$D$2:$D$19, 0)), 0) -> 0.044662533 | G4: =IF(OR(D4=0, E4=0, F4=0), "", 1/(D4*E4*F4)) -> 378.82944 | H4: =IF(G4="", 0, IF(OR(A4=③資金配分!$D$1, A4=③資金配分!$D$2, B4=③資金配分!$D$1, B4=③資金配分!$D$2, C4=③資金配分!$D$1, C4=③資金配分!$D$2), 0, IF(OR(A4=③資金配分!$D$4, A4=③資金配分!$D$5, A4=③資金配分!$D$6, B4=③資金配分!$D$4, B4=③資金配分!$D$5, B4=③資金配分!$D$6, C4=③資金配分!$D$4, C4=③資金配分!$D$5, C4=③資金配分!$D$6), 0, IF(AND(③資金配分!$B$8>0, G4<=③資金配分!$B$8), 1, 0)))) -> 0 | I4: =IF(H4=1, 1/G4, 0) -> 0 | J4: =IF(I4>0, ROUND((I4 / SUM($I$2:$I$817)) * ③資金配分!$B$7, -2), 0) -> 0
A5: 1 | B5: 2 | C5: 6 | D5: =IFERROR(IF(_xlfn.XLOOKUP(A5, ①オッズ入力!$A$2:$A$19, ①オッズ入力!$D$2:$D$19, "")="", 0, _xlfn.XLOOKUP(A5, ①オッズ入力!$A$2:$A$19, ①オッズ入力!$D$2:$D$19, 0)), 0) -> 0.29775022 | E5: =IFERROR(IF(_xlfn.XLOOKUP(B5, ①オッズ入力!$A$2:$A$19, ①オッズ入力!$D$2:$D$19, "")="", 0, _xlfn.XLOOKUP(B5, ①オッズ入力!$A$2:$A$19, ①オッズ入力!$D$2:$D$19, 0)), 0) -> 0.19850015 | F5: =IFERROR(IF(_xlfn.XLOOKUP(C5, ①オッズ入力!$A$2:$A$19, ①オッズ入力!$D$2:$D$19, "")="", 0, _xlfn.XLOOKUP(C5, ①オッズ入力!$A$2:$A$19, ①オッズ入力!$D$2:$D$19, 0)), 0) -> 0.032481842 | G5: =IF(OR(D5=0, E5=0, F5=0), "", 1/(D5*E5*F5)) -> 520.89049 | H5: =IF(G5="", 0, IF(OR(A5=③資金配分!$D$1, A5=③資金配分!$D$2, B5=③資金配分!$D$1, B5=③資金配分!$D$2, C5=③資金配分!$D$1, C5=③資金配分!$D$2), 0, IF(OR(A5=③資金配分!$D$4, A5=③資金配分!$D$5, A5=③資金配分!$D$6, B5=③資金配分!$D$4, B5=③資金配分!$D$5, B5=③資金配分!$D$6, C5=③資金配分!$D$4, C5=③資金配分!$D$5, C5=③資金配分!$D$6), 0, IF(AND(③資金配分!$B$8>0, G5<=③資金配分!$B$8), 1, 0)))) -> 0 | I5: =IF(H5=1, 1/G5, 0) -> 0 | J5: =IF(I5>0, ROUND((I5 / SUM($I$2:$I$817)) * ③資金配分!$B$7, -2), 0) -> 0
A6: 1 | B6: 2 | C6: 7 | D6: =IFERROR(IF(_xlfn.XLOOKUP(A6, ①オッズ入力!$A$2:$A$19, ①オッズ入力!$D$2:$D$19, "")="", 0, _xlfn.XLOOKUP(A6, ①オッズ入力!$A$2:$A$19, ①オッズ入力!$D$2:$D$19, 0)), 0) -> 0.29775022 | E6: =IFERROR(IF(_xlfn.XLOOKUP(B6, ①オッズ入力!$A$2:$A$19, ①オッズ入力!$D$2:$D$19, "")="", 0, _xlfn.XLOOKUP(B6, ①オッズ入力!$A$2:$A$19, ①オッズ入力!$D$2:$D$19, 0)), 0) -> 0.19850015 | F6: =IFERROR(IF(_xlfn.XLOOKUP(C6, ①オッズ入力!$A$2:$A$19, ①オッズ入力!$D$2:$D$19, "")="", 0, _xlfn.XLOOKUP(C6, ①オッズ入力!$A$2:$A$19, ①オッズ入力!$D$2:$D$19, 0)), 0) -> 0.029775022 | G6: =IF(OR(D6=0, E6=0, F6=0), "", 1/(D6*E6*F6)) -> 568.24417 | H6: =IF(G6="", 0, IF(OR(A6=③資金配分!$D$1, A6=③資金配分!$D$2, B6=③資金配分!$D$1, B6=③資金配分!$D$2, C6=③資金配分!$D$1, C6=③資金配分!$D$2), 0, IF(OR(A6=③資金配分!$D$4, A6=③資金配分!$D$5, A6=③資金配分!$D$6, B6=③資金配分!$D$4, B6=③資金配分!$D$5, B6=③資金配分!$D$6, C6=③資金配分!$D$4, C6=③資金配分!$D$5, C6=③資金配分!$D$6), 0, IF(AND(③資金配分!$B$8>0, G6<=③資金配分!$B$8), 1, 0)))) -> 0 | I6: =IF(H6=1, 1/G6, 0) -> 0 | J6: =IF(I6>0, ROUND((I6 / SUM($I$2:$I$817)) * ③資金配分!$B$7, -2), 0) -> 0
A7: 1 | B7: 2 | C7: 8 | D7: =IFERROR(IF(_xlfn.XLOOKUP(A7, ①オッズ入力!$A$2:$A$19, ①オッズ入力!$D$2:$D$19, "")="", 0, _xlfn.XLOOKUP(A7, ①オッズ入力!$A$2:$A$19, ①オッズ入力!$D$2:$D$19, 0)), 0) -> 0.29775022 | E7: =IFERROR(IF(_xlfn.XLOOKUP(B7, ①オッズ入力!$A$2:$A$19, ①オッズ入力!$D$2:$D$19, "")="", 0, _xlfn.XLOOKUP(B7, ①オッズ入力!$A$2:$A$19, ①オッズ入力!$D$2:$D$19, 0)), 0) -> 0.19850015 | F7: =IFERROR(IF(_xlfn.XLOOKUP(C7, ①オッズ入力!$A$2:$A$19, ①オッズ入力!$D$2:$D$19, "")="", 0, _xlfn.XLOOKUP(C7, ①オッズ入力!$A$2:$A$19, ①オッズ入力!$D$2:$D$19, 0)), 0) -> 0.023820018 | G7: =IF(OR(D7=0, E7=0, F7=0), "", 1/(D7*E7*F7)) -> 710.30521 | H7: =IF(G7="", 0, IF(OR(A7=③資金配分!$D$1, A7=③資金配分!$D$2, B7=③資金配分!$D$1, B7=③資金配分!$D$2, C7=③資金配分!$D$1, C7=③資金配分!$D$2), 0, IF(OR(A7=③資金配分!$D$4, A7=③資金配分!$D$5, A7=③資金配分!$D$6, B7=③資金配分!$D$4, B7=③資金配分!$D$5, B7=③資金配分!$D$6, C7=③資金配分!$D$4, C7=③資金配分!$D$5, C7=③資金配分!$D$6), 0, IF(AND(③資金配分!$B$8>0, G7<=③資金配分!$B$8), 1, 0)))) -> 0 | I7: =IF(H7=1, 1/G7, 0) -> 0 | J7: =IF(I7>0, ROUND((I7 / SUM($I$2:$I$817)) * ③資金配分!$B$7, -2), 0) -> 0
A8: 1 | B8: 2 | C8: 9 | D8: =IFERROR(IF(_xlfn.XLOOKUP(A8, ①オッズ入力!$A$2:$A$19, ①オッズ入力!$D$2:$D$19, "")="", 0, _xlfn.XLOOKUP(A8, ①オッズ入力!$A$2:$A$19, ①オッズ入力!$D$2:$D$19, 0)), 0) -> 0.29775022 | E8: =IFERROR(IF(_xlfn.XLOOKUP(B8, ①オッズ入力!$A$2:$A$19, ①オッズ入力!$D$2:$D$19, "")="", 0, _xlfn.XLOOKUP(B8, ①オッズ入力!$A$2:$A$19, ①オッズ入力!$D$2:$D$19, 0)), 0) -> 0.19850015 | F8: =IFERROR(IF(_xlfn.XLOOKUP(C8, ①オッズ入力!$A$2:$A$19, ①オッズ入力!$D$2:$D$19, "")="", 0, _xlfn.XLOOKUP(C8, ①オッズ入力!$A$2:$A$19, ①オッズ入力!$D$2:$D$19, 0)), 0) -> 0.019850015 | G8: =IF(OR(D8=0, E8=0, F8=0), "", 1/(D8*E8*F8)) -> 852.36625 | H8: =IF(G8="", 0, IF(OR(A8=③資金配分!$D$1, A8=③資金配分!$D$2, B8=③資金配分!$D$1, B8=③資金配分!$D$2, C8=③資金配分!$D$1, C8=③資金配分!$D$2), 0, IF(OR(A8=③資金配分!$D$4, A8=③資金配分!$D$5, A8=③資金配分!$D$6, B8=③資金配分!$D$4, B8=③資金配分!$D$5, B8=③資金配分!$D$6, C8=③資金配分!$D$4, C8=③資金配分!$D$5, C8=③資金配分!$D$6), 0, IF(AND(③資金配分!$B$8>0, G8<=③資金配分!$B$8), 1, 0)))) -> 0 | I8: =IF(H8=1, 1/G8, 0) -> 0 | J8: =IF(I8>0, ROUND((I8 / SUM($I$2:$I$817)) * ③資金配分!$B$7, -2), 0) -> 0
A9: 1 | B9: 2 | C9: 10 | D9: =IFERROR(IF(_xlfn.XLOOKUP(A9, ①オッズ入力!$A$2:$A$19, ①オッズ入力!$D$2:$D$19, "")="", 0, _xlfn.XLOOKUP(A9, ①オッズ入力!$A$2:$A$19, ①オッズ入力!$D$2:$D$19, 0)), 0) -> 0.29775022 | E9: =IFERROR(IF(_xlfn.XLOOKUP(B9, ①オッズ入力!$A$2:$A$19, ①オッズ入力!$D$2:$D$19, "")="", 0, _xlfn.XLOOKUP(B9, ①オッズ入力!$A$2:$A$19, ①オッズ入力!$D$2:$D$19, 0)), 0) -> 0.19850015 | F9: =IFERROR(IF(_xlfn.XLOOKUP(C9, ①オッズ入力!$A$2:$A$19, ①オッズ入力!$D$2:$D$19, "")="", 0, _xlfn.XLOOKUP(C9, ①オッズ入力!$A$2:$A$19, ①オッズ入力!$D$2:$D$19, 0)), 0) -> 0.017865013 | G9: =IF(OR(D9=0, E9=0, F9=0), "", 1/(D9*E9*F9)) -> 947.07361 | H9: =IF(G9="", 0, IF(OR(A9=③資金配分!$D$1, A9=③資金配分!$D$2, B9=③資金配分!$D$1, B9=③資金配分!$D$2, C9=③資金配分!$D$1, C9=③資金配分!$D$2), 0, IF(OR(A9=③資金配分!$D$4, A9=③資金配分!$D$5, A9=③資金配分!$D$6, B9=③資金配分!$D$4, B9=③資金配分!$D$5, B9=③資金配分!$D$6, C9=③資金配分!$D$4, C9=③資金配分!$D$5, C9=③資金配分!$D$6), 0, IF(AND(③資金配分!$B$8>0, G9<=③資金配分!$B$8), 1, 0)))) -> 0 | I9: =IF(H9=1, 1/G9, 0) -> 0 | J9: =IF(I9>0, ROUND((I9 / SUM($I$2:$I$817)) * ③資金配分!$B$7, -2), 0) -> 0
A10: 1 | B10: 2 | C10: 11 | D10: =IFERROR(IF(_xlfn.XLOOKUP(A10, ①オッズ入力!$A$2:$A$19, ①オッズ入力!$D$2:$D$19, "")="", 0, _xlfn.XLOOKUP(A10, ①オッズ入力!$A$2:$A$19, ①オッズ入力!$D$2:$D$19, 0)), 0) -> 0.29775022 | E10: =IFERROR(IF(_xlfn.XLOOKUP(B10, ①オッズ入力!$A$2:$A$19, ①オッズ入力!$D$2:$D$19, "")="", 0, _xlfn.XLOOKUP(B10, ①オッズ入力!$A$2:$A$19, ①オッズ入力!$D$2:$D$19, 0)), 0) -> 0.19850015 | F10: =IFERROR(IF(_xlfn.XLOOKUP(C10, ①オッズ入力!$A$2:$A$19, ①オッズ入力!$D$2:$D$19, "")="", 0, _xlfn.XLOOKUP(C10, ①オッズ入力!$A$2:$A$19, ①オッズ入力!$D$2:$D$19, 0)), 0) -> 0.016240921 | G10: =IF(OR(D10=0, E10=0, F10=0), "", 1/(D10*E10*F10)) -> 1041.781 | H10: =IF(G10="", 0, IF(OR(A10=③資金配分!$D$1, A10=③資金配分!$D$2, B10=③資金配分!$D$1, B10=③資金配分!$D$2, C10=③資金配分!$D$1, C10=③資金配分!$D$2), 0, IF(OR(A10=③資金配分!$D$4, A10=③資金配分!$D$5, A10=③資金配分!$D$6, B10=③資金配分!$D$4, B10=③資金配分!$D$5, B10=③資金配分!$D$6, C10=③資金配分!$D$4, C10=③資金配分!$D$5, C10=③資金配分!$D$6), 0, IF(AND(③資金配分!$B$8>0, G10<=③資金配分!$B$8), 1, 0)))) -> 0 | I10: =IF(H10=1, 1/G10, 0) -> 0 | J10: =IF(I10>0, ROUND((I10 / SUM($I$2:$I$817)) * ③資金配分!$B$7, -2), 0) -> 0
A11: 1 | B11: 2 | C11: 12 | D11: =IFERROR(IF(_xlfn.XLOOKUP(A11, ①オッズ入力!$A$2:$A$19, ①オッズ入力!$D$2:$D$19, "")="", 0, _xlfn.XLOOKUP(A11, ①オッズ入力!$A$2:$A$19, ①オッズ入力!$D$2:$D$19, 0)), 0) -> 0.29775022 | E11: =IFERROR(IF(_xlfn.XLOOKUP(B11, ①オッズ入力!$A$2:$A$19, ①オッズ入力!$D$2:$D$19, "")="", 0, _xlfn.XLOOKUP(B11, ①オッズ入力!$A$2:$A$19, ①オッズ入力!$D$2:$D$19, 0)), 0) -> 0.19850015 | F11: =IFERROR(IF(_xlfn.XLOOKUP(C11, ①オッズ入力!$A$2:$A$19, ①オッズ入力!$D$2:$D$19, "")="", 0, _xlfn.XLOOKUP(C11, ①オッズ入力!$A$2:$A$19, ①オッズ入力!$D$2:$D$19, 0)), 0) -> 0.014887511 | G11: =IF(OR(D11=0, E11=0, F11=0), "", 1/(D11*E11*F11)) -> 1136.4883 | H11: =IF(G11="", 0, IF(OR(A11=③資金配分!$D$1, A11=③資金配分!$D$2, B11=③資金配分!$D$1, B11=③資金配分!$D$2, C11=③資金配分!$D$1, C11=③資金配分!$D$2), 0, IF(OR(A11=③資金配分!$D$4, A11=③資金配分!$D$5, A11=③資金配分!$D$6, B11=③資金配分!$D$4, B11=③資金配分!$D$5, B11=③資金配分!$D$6, C11=③資金配分!$D$4, C11=③資金配分!$D$5, C11=③資金配分!$D$6), 0, IF(AND(③資金配分!$B$8>0, G11<=③資金配分!$B$8), 1, 0)))) -> 0 | I11: =IF(H11=1, 1/G11, 0) -> 0 | J11: =IF(I11>0, ROUND((I11 / SUM($I$2:$I$817)) * ③資金配分!$B$7, -2), 0) -> 0
A12: 1 | B12: 2 | C12: 13 | D12: =IFERROR(IF(_xlfn.XLOOKUP(A12, ①オッズ入力!$A$2:$A$19, ①オッズ入力!$D$2:$D$19, "")="", 0, _xlfn.XLOOKUP(A12, ①オッズ入力!$A$2:$A$19, ①オッズ入力!$D$2:$D$19, 0)), 0) -> 0.29775022 | E12: =IFERROR(IF(_xlfn.XLOOKUP(B12, ①オッズ入力!$A$2:$A$19, ①オッズ入力!$D$2:$D$19, "")="", 0, _xlfn.XLOOKUP(B12, ①オッズ入力!$A$2:$A$19, ①オッズ入力!$D$2:$D$19, 0)), 0) -> 0.19850015 | F12: =IFERROR(IF(_xlfn.XLOOKUP(C12, ①オッズ入力!$A$2:$A$19, ①オッズ入力!$D$2:$D$19, "")="", 0, _xlfn.XLOOKUP(C12, ①オッズ入力!$A$2:$A$19, ①オッズ入力!$D$2:$D$19, 0)), 0) -> 0.012760724 | G12: =IF(OR(D12=0, E12=0, F12=0), "", 1/(D12*E12*F12)) -> 1325.9031 | H12: =IF(G12="", 0, IF(OR(A12=③資金配分!$D$1, A12=③資金配分!$D$2, B12=③資金配分!$D$1, B12=③資金配分!$D$2, C12=③資金配分!$D$1, C12=③資金配分!$D$2), 0, IF(OR(A12=③資金配分!$D$4, A12=③資金配分!$D$5, A12=③資金配分!$D$6, B12=③資金配分!$D$4, B12=③資金配分!$D$5, B12=③資金配分!$D$6, C12=③資金配分!$D$4, C12=③資金配分!$D$5, C12=③資金配分!$D$6), 0, IF(AND(③資金配分!$B$8>0, G12<=③資金配分!$B$8), 1, 0)))) -> 0 | I12: =IF(H12=1, 1/G12, 0) -> 0 | J12: =IF(I12>0, ROUND((I12 / SUM($I$2:$I$817)) * ③資金配分!$B$7, -2), 0) -> 0
A13: 1 | B13: 2 | C13: 14 | D13: =IFERROR(IF(_xlfn.XLOOKUP(A13, ①オッズ入力!$A$2:$A$19, ①オッズ入力!$D$2:$D$19, "")="", 0, _xlfn.XLOOKUP(A13, ①オッズ入力!$A$2:$A$19, ①オッズ入力!$D$2:$D$19, 0)), 0) -> 0.29775022 | E13: =IFERROR(IF(_xlfn.XLOOKUP(B13, ①オッズ入力!$A$2:$A$19, ①オッズ入力!$D$2:$D$19, "")="", 0, _xlfn.XLOOKUP(B13, ①オッズ入力!$A$2:$A$19, ①オッズ入力!$D$2:$D$19, 0)), 0) -> 0.19850015 | F13: =IFERROR(IF(_xlfn.XLOOKUP(C13, ①オッズ入力!$A$2:$A$19, ①オッズ入力!$D$2:$D$19, "")="", 0, _xlfn.XLOOKUP(C13, ①オッズ入力!$A$2:$A$19, ①オッズ入力!$D$2:$D$19, 0)), 0) -> 0.011525815 | G13: =IF(OR(D13=0, E13=0, F13=0), "", 1/(D13*E13*F13)) -> 1467.9641 | H13: =IF(G13="", 0, IF(OR(A13=③資金配分!$D$1, A13=③資金配分!$D$2, B13=③資金配分!$D$1, B13=③資金配分!$D$2, C13=③資金配分!$D$1, C13=③資金配分!$D$2), 0, IF(OR(A13=③資金配分!$D$4, A13=③資金配分!$D$5, A13=③資金配分!$D$6, B13=③資金配分!$D$4, B13=③資金配分!$D$5, B13=③資金配分!$D$6, C13=③資金配分!$D$4, C13=③資金配分!$D$5, C13=③資金配分!$D$6), 0, IF(AND(③資金配分!$B$8>0, G13<=③資金配分!$B$8), 1, 0)))) -> 0 | I13: =IF(H13=1, 1/G13, 0) -> 0 | J13: =IF(I13>0, ROUND((I13 / SUM($I$2:$I$817)) * ③資金配分!$B$7, -2), 0) -> 0
A14: 1 | B14: 2 | C14: 15 | D14: =IFERROR(IF(_xlfn.XLOOKUP(A14, ①オッズ入力!$A$2:$A$19, ①オッズ入力!$D$2:$D$19, "")="", 0, _xlfn.XLOOKUP(A14, ①オッズ入力!$A$2:$A$19, ①オッズ入力!$D$2:$D$19, 0)), 0) -> 0.29775022 | E14: =IFERROR(IF(_xlfn.XLOOKUP(B14, ①オッズ入力!$A$2:$A$19, ①オッズ入力!$D$2:$D$19, "")="", 0, _xlfn.XLOOKUP(B14, ①オッズ入力!$A$2:$A$19, ①オッズ入力!$D$2:$D$19, 0)), 0) -> 0.19850015 | F14: =IFERROR(IF(_xlfn.XLOOKUP(C14, ①オッズ入力!$A$2:$A$19, ①オッズ入力!$D$2:$D$19, "")="", 0, _xlfn.XLOOKUP(C14, ①オッズ入力!$A$2:$A$19, ①オッズ入力!$D$2:$D$19, 0)), 0) -> 0.010697613 | G14: =IF(OR(D14=0, E14=0, F14=0), "", 1/(D14*E14*F14)) -> 1581.6129 | H14: =IF(G14="", 0, IF(OR(A14=③資金配分!$D$1, A14=③資金配分!$D$2, B14=③資金配分!$D$1, B14=③資金配分!$D$2, C14=③資金配分!$D$1, C14=③資金配分!$D$2), 0, IF(OR(A14=③資金配分!$D$4, A14=③資金配分!$D$5, A14=③資金配分!$D$6, B14=③資金配分!$D$4, B14=③資金配分!$D$5, B14=③資金配分!$D$6, C14=③資金配分!$D$4, C14=③資金配分!$D$5, C14=③資金配分!$D$6), 0, IF(AND(③資金配分!$B$8>0, G14<=③資金配分!$B$8), 1, 0)))) -> 0 | I14: =IF(H14=1, 1/G14, 0) -> 0 | J14: =IF(I14>0, ROUND((I14 / SUM($I$2:$I$817)) * ③資金配分!$B$7, -2), 0) -> 0
... A817: 16 | B817: 17 | C817: 18 | D817: =IFERROR(IF(_xlfn.XLOOKUP(A817, ①オッズ入力!$A$2:$A$19, ①オッズ入力!$D$2:$D$19, "")="", 0, _xlfn.XLOOKUP(A817, ①オッズ入力!$A$2:$A$19, ①オッズ入力!$D$2:$D$19, 0)), 0) -> 0.009870173 | E817: =IFERROR(IF(_xlfn.XLOOKUP(B817, ①オッズ入力!$A$2:$A$19, ①オッズ入力!$D$2:$D$19, "")="", 0, _xlfn.XLOOKUP(B817, ①オッズ入力!$A$2:$A$19, ①オッズ入力!$D$2:$D$19, 0)), 0) -> 0.0091615452 | F817: =IFERROR(IF(_xlfn.XLOOKUP(C817, ①オッズ入力!$A$2:$A$19, ①オッズ入力!$D$2:$D$19, "")="", 0, _xlfn.XLOOKUP(C817, ①オッズ入力!$A$2:$A$19, ①オッズ入力!$D$2:$D$19, 0)), 0) -> 0.0085478532 | G817: =IF(OR(D817=0, E817=0, F817=0), "", 1/(D817*E817*F817)) -> 1293747.3 | H817: =IF(G817="", 0, IF(OR(A817=③資金配分!$D$1, A817=③資金配分!$D$2, B817=③資金配分!$D$1, B817=③資金配分!$D$2, C817=③資金配分!$D$1, C817=③資金配分!$D$2), 0, IF(OR(A817=③資金配分!$D$4, A817=③資金配分!$D$5, A817=③資金配分!$D$6, B817=③資金配分!$D$4, B817=③資金配分!$D$5, B817=③資金配分!$D$6, C817=③資金配分!$D$4, C817=③資金配分!$D$5, C817=③資金配分!$D$6), 0, IF(AND(③資金配分!$B$8>0, G817<=③資金配分!$B$8), 1, 0)))) -> 0 | I817: =IF(H817=1, 1/G817, 0) -> 0 | J817: =IF(I817>0, ROUND((I817 / SUM($I$2:$I$817)) * ③資金配分!$B$7, -2), 0) -> 0

Sheet ③資金配分
A1: 総投資予算 | B1: 1000000 | C1: 複勝一番人気 | D1: =IFERROR(INDEX(①オッズ入力!$A$2:$A$19, MATCH(SMALL(①オッズ入力!$B$2:$B$19, 1), ①オッズ入力!$B$2:$B$19, 0)), "") -> 1
A2: 三連複しきい値 | B2: 1000 | C2: 複勝二番人気 | D2: =IFERROR(INDEX(①オッズ入力!$A$2:$A$19, MATCH(SMALL(①オッズ入力!$B$2:$B$19, 2), ①オッズ入力!$B$2:$B$19, 0)), "") -> 2
A3: ヘッジ対象の馬番 | B3: =IFERROR(INDEX(①オッズ入力!$A$2:$A$19, MATCH(SMALL(①オッズ入力!$B$2:$B$19, 3), ①オッズ入力!$B$2:$B$19, 0)), "") -> 3
A4: ヘッジ馬の複勝オッズ | B4: =_xlfn.XLOOKUP(B3, ①オッズ入力!$A$2:$A$19, ①オッズ入力!$B$2:$B$19, 0) -> 2.1 | C4: 最下位人気 | D4: {=IFERROR(INDEX(_xlfn.SORTBY(①オッズ入力!$A$2:$A$19, ①オッズ入力!$B$2:$B$19, -1), 1), "")} -> 18
A5: 勝負ゾーンの対象点数 | B5: =SUM(②三連複計算!$H$2:$H$817) -> 0 | C5: ブービー人気 | D5: {=IFERROR(INDEX(_xlfn.SORTBY(①オッズ入力!$A$2:$A$19, ①オッズ入力!$B$2:$B$19, -1), 2), "")} -> 17
A6: 複勝ヘッジへの購入金額 | B6: =IF(B4>1, ROUND(B1/B4, -2), 0) -> 476200 | C6: 下から3番目 | D6: {=IFERROR(INDEX(_xlfn.SORTBY(①オッズ入力!$A$2:$A$19, ①オッズ入力!$B$2:$B$19, -1), 3), "")} -> 16
A7: 三連複への分配総額 | B7: =B1 - B6 -> 523800
A8: 勝負ゾーンの最大オッズ | B8: =_xlfn.MAXIFS(②三連複計算!$G$2:$G$817, ②三連複計算!$G$2:$G$817, "<="&B2, ②三連複計算!$H$2:$H$817, 1) -> 0
